{"cameraMode":{"drawMode":0,"name":"Shaded","section":"Shading Mode"},"sceneLighting":false,"audioPlay":false,"sceneViewState":{"m_AlwaysRefresh":false,"showFog":true,"showSkybox":false,"showFlares":true,"showImageEffects":true,"showParticleSystems":true,"showVisualEffectGraphs":true,"m_FxEnabled":true},"in2DMode":false,"pivot":{"x":-11.260000228881836,"y":32.95000076293945,"z":16.149999618530275},"rotation":{"x":-0.1170041635632515,"y":0.030411366373300554,"z":-0.0033180746249854566,"w":-0.9927453994750977},"size":1.9912559986114503,"orthographic":false}